ICD10_Code,ICD10_Diagnosis,Metric_Primary,Metric_Secondary,Metric_Tertiary,Value
A00-Y89,All admissions,Number of admissions,All admissions,All persons,11246239
C00-D48,All cancers,Number of admissions,All cancers,All persons,1767853
J00-J99,All respiratory diseases,Number of admissions,All respiratory diseases,All persons,627160
I00-I99,All circulatory diseases,Number of admissions,All circulatory diseases,All persons,937375
K00-K93,All diseases of the digestive system,Number of admissions,All diseases of the digestive system,All persons,1555464
All,All diseases which can be caused by smoking,Number of admissions,All diseases which can be caused by smoking,All persons,1767663
C33-C34,"Trachea, Lung, Bronchus",Number of admissions,Cancers which can be caused by smoking,All persons,89037
C00-C14,Upper Respiratory Sites,Number of admissions,Cancers which can be caused by smoking,All persons,23004
C15,Oesophagus,Number of admissions,Cancers which can be caused by smoking,All persons,30483
C32,Larynx,Number of admissions,Cancers which can be caused by smoking,All persons,4880
C53,Cervical,Number of admissions,Cancers which can be caused by smoking,All persons,6477
C67,Bladder,Number of admissions,Cancers which can be caused by smoking,All persons,66664
"C64-C66,C68",Kidney and Renal Pelvis,Number of admissions,Cancers which can be caused by smoking,All persons,15149
C16,Stomach,Number of admissions,Cancers which can be caused by smoking,All persons,19888
C25,Pancreas,Number of admissions,Cancers which can be caused by smoking,All persons,28770
C80,Unspecified Site,Number of admissions,Cancers which can be caused by smoking,All persons,9186
C92,Myeloid Leukaemia,Number of admissions,Cancers which can be caused by smoking,All persons,45615
J40-J43,Chronic Obstructive Lung Disease,Number of admissions,Respiratory diseases which can be caused by smoking,All persons,5681
J44,Chronic Airway Obstruction,Number of admissions,Respiratory diseases which can be caused by smoking,All persons,122678
J10-J18,"Pneumonia, Influenza",Number of admissions,Respiratory diseases which can be caused by smoking,All persons,221381
"I00-I09, I26-I51",Other Heart Disease,Number of admissions,Circulatory diseases which can be caused by smoking,All persons,312511
I20-I25,Ischaemic Heart Disease,Number of admissions,Circulatory diseases which can be caused by smoking,All persons,263569
I72-I78,Other arterial disease,Number of admissions,Circulatory diseases which can be caused by smoking,All persons,35732
I60-I69,Cerebrovascular Disease,Number of admissions,Circulatory diseases which can be caused by smoking,All persons,107364
I71,Aortic Aneurysm,Number of admissions,Circulatory diseases which can be caused by smoking,All persons,11895
I70,Atherosclerosis,Number of admissions,Circulatory diseases which can be caused by smoking,All persons,14672
K25-K27,Stomach / Duodenal Ulcer,Number of admissions,Diseases of the digestive system which can be caused caused by smoking,All persons,24493
K50,Crohns Disease,Number of admissions,Diseases of the digestive system which can be caused caused by smoking,All persons,46800
K05,Periodontal Disease / Periodonitis,Number of admissions,Diseases of the digestive system which can be caused caused by smoking,All persons,6564
H25,Age Related Cataract 45+,Number of admissions,Other diseases which can be caused by smoking,All persons,176108
S720-S722,Hip Fracture 55+,Number of admissions,Other diseases which can be caused by smoking,All persons,67467
O03,Spontaneous Abortion,Number of admissions,Other diseases which can be caused by smoking,All persons,11595
A00-Y89,All admissions,Attributable number,All admissions,All persons,474300
C00-D48,All cancers,Attributable number,All cancers,All persons,159200
J00-J99,All respiratory diseases,Attributable number,All respiratory diseases,All persons,142500
I00-I99,All circulatory diseases,Attributable number,All circulatory diseases,All persons,129100
K00-K93,All diseases of the digestive system,Attributable number,All diseases of the digestive system,All persons,20300
All,All diseases which can be caused by smoking,Attributable number,All diseases which can be caused by smoking,All persons,474300
C33-C34,"Trachea, Lung, Bronchus",Attributable number,Cancers which can be caused by smoking,All persons,70500
C00-C14,Upper Respiratory Sites,Attributable number,Cancers which can be caused by smoking,All persons,14700
C15,Oesophagus,Attributable number,Cancers which can be caused by smoking,All persons,19600
C32,Larynx,Attributable number,Cancers which can be caused by smoking,All persons,3800
C53,Cervical,Attributable number,Cancers which can be caused by smoking,All persons,700
C67,Bladder,Attributable number,Cancers which can be caused by smoking,All persons,25600
"C64-C66,C68",Kidney and Renal Pelvis,Attributable number,Cancers which can be caused by smoking,All persons,3600
C16,Stomach,Attributable number,Cancers which can be caused by smoking,All persons,4000
C25,Pancreas,Attributable number,Cancers which can be caused by smoking,All persons,6400
C80,Unspecified Site,Attributable number,Cancers which can be caused by smoking,All persons,3000
C92,Myeloid Leukaemia,Attributable number,Cancers which can be caused by smoking,All persons,7300
J40-J43,Chronic Obstructive Lung Disease,Attributable number,Respiratory diseases which can be caused by smoking,All persons,4800
J44,Chronic Airway Obstruction,Attributable number,Respiratory diseases which can be caused by smoking,All persons,93900
J10-J18,"Pneumonia, Influenza",Attributable number,Respiratory diseases which can be caused by smoking,All persons,43800
"I00-I09, I26-I51",Other Heart Disease,Attributable number,Circulatory diseases which can be caused by smoking,All persons,41600
I20-I25,Ischaemic Heart Disease,Attributable number,Circulatory diseases which can be caused by smoking,All persons,56000
I72-I78,Other arterial disease,Attributable number,Circulatory diseases which can be caused by smoking,All persons,5600
I60-I69,Cerebrovascular Disease,Attributable number,Circulatory diseases which can be caused by smoking,All persons,16000
I71,Aortic Aneurysm,Attributable number,Circulatory diseases which can be caused by smoking,All persons,6900
I70,Atherosclerosis,Attributable number,Circulatory diseases which can be caused by smoking,All persons,3000
K25-K27,Stomach / Duodenal Ulcer,Attributable number,Diseases of the digestive system which can be caused caused by smoking,All persons,11200
K50,Crohns Disease,Attributable number,Diseases of the digestive system which can be caused caused by smoking,All persons,6600
K05,Periodontal Disease / Periodonitis,Attributable number,Diseases of the digestive system which can be caused caused by smoking,All persons,2500
H25,Age Related Cataract 45+,Attributable number,Other diseases which can be caused by smoking,All persons,16700
S720-S722,Hip Fracture 55+,Attributable number,Other diseases which can be caused by smoking,All persons,6200
O03,Spontaneous Abortion,Attributable number,Other diseases which can be caused by smoking,All persons,400
A00-Y89,All admissions,Number of admissions,All admissions,Male,5251956
C00-D48,All cancers,Number of admissions,All cancers,Male,867782
J00-J99,All respiratory diseases,Number of admissions,All respiratory diseases,Male,309853
I00-I99,All circulatory diseases,Number of admissions,All circulatory diseases,Male,541196
K00-K93,All diseases of the digestive system,Number of admissions,All diseases of the digestive system,Male,765233
All,All diseases which can be caused by smoking,Number of admissions,All diseases which can be caused by smoking,Male,961149
C33-C34,"Trachea, Lung, Bronchus",Number of admissions,Cancers which can be caused by smoking,Male,47486
C00-C14,Upper Respiratory Sites,Number of admissions,Cancers which can be caused by smoking,Male,16758
C15,Oesophagus,Number of admissions,Cancers which can be caused by smoking,Male,22237
C32,Larynx,Number of admissions,Cancers which can be caused by smoking,Male,4011
C53,Cervical,Number of admissions,Cancers which can be caused by smoking,Male,0
C67,Bladder,Number of admissions,Cancers which can be caused by smoking,Male,50569
"C64-C66,C68",Kidney and Renal Pelvis,Number of admissions,Cancers which can be caused by smoking,Male,10107
C16,Stomach,Number of admissions,Cancers which can be caused by smoking,Male,14233
C25,Pancreas,Number of admissions,Cancers which can be caused by smoking,Male,15540
C80,Unspecified Site,Number of admissions,Cancers which can be caused by smoking,Male,3786
C92,Myeloid Leukaemia,Number of admissions,Cancers which can be caused by smoking,Male,27159
J40-J43,Chronic Obstructive Lung Disease,Number of admissions,Respiratory diseases which can be caused by smoking,Male,3022
J44,Chronic Airway Obstruction,Number of admissions,Respiratory diseases which can be caused by smoking,Male,59006
J10-J18,"Pneumonia, Influenza",Number of admissions,Respiratory diseases which can be caused by smoking,Male,111861
"I00-I09, I26-I51",Other Heart Disease,Number of admissions,Circulatory diseases which can be caused by smoking,Male,173788
I20-I25,Ischaemic Heart Disease,Number of admissions,Circulatory diseases which can be caused by smoking,Male,178315
I72-I78,Other arterial disease,Number of admissions,Circulatory diseases which can be caused by smoking,Male,20765
I60-I69,Cerebrovascular Disease,Number of admissions,Circulatory diseases which can be caused by smoking,Male,54881
I71,Aortic Aneurysm,Number of admissions,Circulatory diseases which can be caused by smoking,Male,9238
I70,Atherosclerosis,Number of admissions,Circulatory diseases which can be caused by smoking,Male,9852
K25-K27,Stomach / Duodenal Ulcer,Number of admissions,Diseases of the digestive system which can be caused caused by smoking,Male,12281
K50,Crohns Disease,Number of admissions,Diseases of the digestive system which can be caused caused by smoking,Male,21160
K05,Periodontal Disease / Periodonitis,Number of admissions,Diseases of the digestive system which can be caused caused by smoking,Male,2446
H25,Age Related Cataract 45+,Number of admissions,Other diseases which can be caused by smoking,Male,73253
S720-S722,Hip Fracture 55+,Number of admissions,Other diseases which can be caused by smoking,Male,19394
O03,Spontaneous Abortion,Number of admissions,Other diseases which can be caused by smoking,Male,1
A00-Y89,All admissions,Attributable number,All admissions,Male,293200
C00-D48,All cancers,Attributable number,All cancers,Male,108700
J00-J99,All respiratory diseases,Attributable number,All respiratory diseases,Male,74400
I00-I99,All circulatory diseases,Attributable number,All circulatory diseases,Male,90400
K00-K93,All diseases of the digestive system,Attributable number,All diseases of the digestive system,Male,10300
All,All diseases which can be caused by smoking,Attributable number,All diseases which can be caused by smoking,Male,293200
C33-C34,"Trachea, Lung, Bronchus",Attributable number,Cancers which can be caused by smoking,Male,40700
C00-C14,Upper Respiratory Sites,Attributable number,Cancers which can be caused by smoking,Male,11800
C15,Oesophagus,Attributable number,Cancers which can be caused by smoking,Male,14800
C32,Larynx,Attributable number,Cancers which can be caused by smoking,Male,3200
C53,Cervical,Attributable number,Cancers which can be caused by smoking,Male,0
C67,Bladder,Attributable number,Cancers which can be caused by smoking,Male,21000
"C64-C66,C68",Kidney and Renal Pelvis,Attributable number,Cancers which can be caused by smoking,Male,3200
C16,Stomach,Attributable number,Cancers which can be caused by smoking,Male,3300
C25,Pancreas,Attributable number,Cancers which can be caused by smoking,Male,3200
C80,Unspecified Site,Attributable number,Cancers which can be caused by smoking,Male,1900
C92,Myeloid Leukaemia,Attributable number,Cancers which can be caused by smoking,Male,5500
J40-J43,Chronic Obstructive Lung Disease,Attributable number,Respiratory diseases which can be caused by smoking,Male,2700
J44,Chronic Airway Obstruction,Attributable number,Respiratory diseases which can be caused by smoking,Male,45500
J10-J18,"Pneumonia, Influenza",Attributable number,Respiratory diseases which can be caused by smoking,Male,26200
"I00-I09, I26-I51",Other Heart Disease,Attributable number,Circulatory diseases which can be caused by smoking,Male,28600
I20-I25,Ischaemic Heart Disease,Attributable number,Circulatory diseases which can be caused by smoking,Male,41200
I72-I78,Other arterial disease,Attributable number,Circulatory diseases which can be caused by smoking,Male,3200
I60-I69,Cerebrovascular Disease,Attributable number,Circulatory diseases which can be caused by smoking,Male,9500
I71,Aortic Aneurysm,Attributable number,Circulatory diseases which can be caused by smoking,Male,5500
I70,Atherosclerosis,Attributable number,Circulatory diseases which can be caused by smoking,Male,2500
K25-K27,Stomach / Duodenal Ulcer,Attributable number,Diseases of the digestive system which can be caused caused by smoking,Male,6100
K50,Crohns Disease,Attributable number,Diseases of the digestive system which can be caused caused by smoking,Male,3300
K05,Periodontal Disease / Periodonitis,Attributable number,Diseases of the digestive system which can be caused caused by smoking,Male,1000
H25,Age Related Cataract 45+,Attributable number,Other diseases which can be caused by smoking,Male,7600
S720-S722,Hip Fracture 55+,Attributable number,Other diseases which can be caused by smoking,Male,1800
O03,Spontaneous Abortion,Attributable number,Other diseases which can be caused by smoking,Male,0
A00-Y89,All admissions,Number of admissions,All admissions,Female,5994283
C00-D48,All cancers,Number of admissions,All cancers,Female,900071
J00-J99,All respiratory diseases,Number of admissions,All respiratory diseases,Female,317307
I00-I99,All circulatory diseases,Number of admissions,All circulatory diseases,Female,396179
K00-K93,All diseases of the digestive system,Number of admissions,All diseases of the digestive system,Female,790231
All,All diseases which can be caused by smoking,Number of admissions,All diseases which can be caused by smoking,Female,806514
C33-C34,"Trachea, Lung, Bronchus",Number of admissions,Cancers which can be caused by smoking,Female,41551
C00-C14,Upper Respiratory Sites,Number of admissions,Cancers which can be caused by smoking,Female,6246
C15,Oesophagus,Number of admissions,Cancers which can be caused by smoking,Female,8246
C32,Larynx,Number of admissions,Cancers which can be caused by smoking,Female,869
C53,Cervical,Number of admissions,Cancers which can be caused by smoking,Female,6477
C67,Bladder,Number of admissions,Cancers which can be caused by smoking,Female,16095
"C64-C66,C68",Kidney and Renal Pelvis,Number of admissions,Cancers which can be caused by smoking,Female,5042
C16,Stomach,Number of admissions,Cancers which can be caused by smoking,Female,5655
C25,Pancreas,Number of admissions,Cancers which can be caused by smoking,Female,13230
C80,Unspecified Site,Number of admissions,Cancers which can be caused by smoking,Female,5400
C92,Myeloid Leukaemia,Number of admissions,Cancers which can be caused by smoking,Female,18456
J40-J43,Chronic Obstructive Lung Disease,Number of admissions,Respiratory diseases which can be caused by smoking,Female,2659
J44,Chronic Airway Obstruction,Number of admissions,Respiratory diseases which can be caused by smoking,Female,63672
J10-J18,"Pneumonia, Influenza",Number of admissions,Respiratory diseases which can be caused by smoking,Female,109520
"I00-I09, I26-I51",Other Heart Disease,Number of admissions,Circulatory diseases which can be caused by smoking,Female,138723
I20-I25,Ischaemic Heart Disease,Number of admissions,Circulatory diseases which can be caused by smoking,Female,85254
I72-I78,Other arterial disease,Number of admissions,Circulatory diseases which can be caused by smoking,Female,14967
I60-I69,Cerebrovascular Disease,Number of admissions,Circulatory diseases which can be caused by smoking,Female,52483
I71,Aortic Aneurysm,Number of admissions,Circulatory diseases which can be caused by smoking,Female,2657
I70,Atherosclerosis,Number of admissions,Circulatory diseases which can be caused by smoking,Female,4820
K25-K27,Stomach / Duodenal Ulcer,Number of admissions,Diseases of the digestive system which can be caused caused by smoking,Female,12212
K50,Crohns Disease,Number of admissions,Diseases of the digestive system which can be caused caused by smoking,Female,25640
K05,Periodontal Disease / Periodonitis,Number of admissions,Diseases of the digestive system which can be caused caused by smoking,Female,4118
H25,Age Related Cataract 45+,Number of admissions,Other diseases which can be caused by smoking,Female,102855
S720-S722,Hip Fracture 55+,Number of admissions,Other diseases which can be caused by smoking,Female,48073
O03,Spontaneous Abortion,Number of admissions,Other diseases which can be caused by smoking,Female,11594
A00-Y89,All admissions,Attributable number,All admissions,Female,181100
C00-D48,All cancers,Attributable number,All cancers,Female,50500
J00-J99,All respiratory diseases,Attributable number,All respiratory diseases,Female,68100
I00-I99,All circulatory diseases,Attributable number,All circulatory diseases,Female,38600
K00-K93,All diseases of the digestive system,Attributable number,All diseases of the digestive system,Female,9900
All,All diseases which can be caused by smoking,Attributable number,All diseases which can be caused by smoking,Female,181100
C33-C34,"Trachea, Lung, Bronchus",Attributable number,Cancers which can be caused by smoking,Female,29700
C00-C14,Upper Respiratory Sites,Attributable number,Cancers which can be caused by smoking,Female,2900
C15,Oesophagus,Attributable number,Cancers which can be caused by smoking,Female,4800
C32,Larynx,Attributable number,Cancers which can be caused by smoking,Female,600
C53,Cervical,Attributable number,Cancers which can be caused by smoking,Female,700
C67,Bladder,Attributable number,Cancers which can be caused by smoking,Female,4600
"C64-C66,C68",Kidney and Renal Pelvis,Attributable number,Cancers which can be caused by smoking,Female,400
C16,Stomach,Attributable number,Cancers which can be caused by smoking,Female,700
C25,Pancreas,Attributable number,Cancers which can be caused by smoking,Female,3200
C80,Unspecified Site,Attributable number,Cancers which can be caused by smoking,Female,1100
C92,Myeloid Leukaemia,Attributable number,Cancers which can be caused by smoking,Female,1800
J40-J43,Chronic Obstructive Lung Disease,Attributable number,Respiratory diseases which can be caused by smoking,Female,2200
J44,Chronic Airway Obstruction,Attributable number,Respiratory diseases which can be caused by smoking,Female,48400
J10-J18,"Pneumonia, Influenza",Attributable number,Respiratory diseases which can be caused by smoking,Female,17600
"I00-I09, I26-I51",Other Heart Disease,Attributable number,Circulatory diseases which can be caused by smoking,Female,13000
I20-I25,Ischaemic Heart Disease,Attributable number,Circulatory diseases which can be caused by smoking,Female,14800
I72-I78,Other arterial disease,Attributable number,Circulatory diseases which can be caused by smoking,Female,2400
I60-I69,Cerebrovascular Disease,Attributable number,Circulatory diseases which can be caused by smoking,Female,6500
I71,Aortic Aneurysm,Attributable number,Circulatory diseases which can be caused by smoking,Female,1400
I70,Atherosclerosis,Attributable number,Circulatory diseases which can be caused by smoking,Female,500
K25-K27,Stomach / Duodenal Ulcer,Attributable number,Diseases of the digestive system which can be caused caused by smoking,Female,5100
K50,Crohns Disease,Attributable number,Diseases of the digestive system which can be caused caused by smoking,Female,3300
K05,Periodontal Disease / Periodonitis,Attributable number,Diseases of the digestive system which can be caused caused by smoking,Female,1500
H25,Age Related Cataract 45+,Attributable number,Other diseases which can be caused by smoking,Female,9100
S720-S722,Hip Fracture 55+,Attributable number,Other diseases which can be caused by smoking,Female,4400
O03,Spontaneous Abortion,Attributable number,Other diseases which can be caused by smoking,Female,400
