Year,Metric,Value
2016,Affordability of tobacco index,56.33197046
2016,Expenditure on tobacco as a percentage of expenditure,1.573217555
2016,Household expenditure,1202758
2016,"Household expenditure on tobacco
",18922
2016,Real households' disposable income,194.3749811
2016,Retail prices index,393.60
2016,Tobacco price index relative to Retail price index ,345.0526929
2016,"Tobacco price index
",1358.135643
2015,Affordability of tobacco index,57.70026478
2015,Expenditure on tobacco as a percentage of expenditure,1.660526336
2015,Household expenditure,"1,156,561.00"
2015,"Household expenditure on tobacco
",19205
2015,Real households' disposable income,193.119683
2015,Retail prices index,386.7207053
2015,Tobacco price index relative to Retail price index ,334.6946218
2015,"Tobacco price index
","1,294.33"
2014,Affordability of tobacco index,58.20951603
2014,Expenditure on tobacco as a percentage of expenditure,1.760741589
2014,Household expenditure,1126230
2014,"Household expenditure on tobacco
",19830
2014,Real households' disposable income,186.33
2014,Retail prices index,382.9806598
2014,Tobacco price index relative to Retail price index ,320.1099018
2014,"Tobacco price index
",1225.959014
2013,Affordability of tobacco index,60.76503849
2013,Expenditure on tobacco as a percentage of expenditure,1.745000743
2013,Household expenditure,1084011
2013,"Household expenditure on tobacco
",18916
2013,Real households' disposable income,185.0289968
2013,Retail prices index,374.1541524
2013,Tobacco price index relative to Retail price index ,304.4991024
2013,"Tobacco price index
",1139.296036
2012,Affordability of tobacco index,63.99820571
2012,Expenditure on tobacco as a percentage of expenditure,1.792861156
2012,Household expenditure,1042914
2012,"Household expenditure on tobacco
",18698
2012,Real households' disposable income,186.4560508
2012,Retail prices index,363.0836177
2012,Tobacco price index relative to Retail price index ,291.3457474
2012,"Tobacco price index
",1057.82868
2011,Affordability of tobacco index,66.32788623
2011,Expenditure on tobacco as a percentage of expenditure,1.812549538
2011,Household expenditure,1004276
2011,"Household expenditure on tobacco
",18203
2011,Real households' disposable income,183.7743731
2011,Retail prices index,351.8634812
2011,Tobacco price index relative to Retail price index ,277.0695459
2011,"Tobacco price index
",974.9065495
2010,Affordability of tobacco index,72.15681814
2010,Expenditure on tobacco as a percentage of expenditure,1.773651248
2010,Household expenditure,974938
2010,"Household expenditure on tobacco
",17292
2010,Real households' disposable income,189.4504953
2010,Retail prices index,334.5096701
2010,Tobacco price index relative to Retail price index ,262.5538378
2010,"Tobacco price index
",878.2679766
2009,Affordability of tobacco index,74.20548226
2009,Expenditure on tobacco as a percentage of expenditure,1.709048468
2009,Household expenditure,948481
2009,"Household expenditure on tobacco
",16210
2009,Real households' disposable income,189.3836325
2009,Retail prices index,319.6990899
2009,Tobacco price index relative to Retail price index ,255.2151495
2009,"Tobacco price index
",815.9205102
2008,Affordability of tobacco index,76.49843733
2008,Expenditure on tobacco as a percentage of expenditure,1.627767276
2008,Household expenditure,975508
2008,"Household expenditure on tobacco
",15879
2008,Real households' disposable income,186.8146582
2008,Retail prices index,321.3447099
2008,Tobacco price index relative to Retail price index ,244.207156
2008,"Tobacco price index
",784.746777
2007,Affordability of tobacco index,78.23429927
2007,Expenditure on tobacco as a percentage of expenditure,1.664846989
2007,Household expenditure,947054
2007,"Household expenditure on tobacco
",15767
2007,Real households' disposable income,190.2199131
2007,Retail prices index,309.0773606
2007,Tobacco price index relative to Retail price index ,243.1413266
2007,"Tobacco price index
",751.4947949
2006,Affordability of tobacco index,77.62847504
2006,Expenditure on tobacco as a percentage of expenditure,1.722183501
2006,Household expenditure,902459
2006,"Household expenditure on tobacco
",15542
2006,Real households' disposable income,186.9379808
2006,Retail prices index,296.3612059
2006,Tobacco price index relative to Retail price index ,240.8110951
2006,"Tobacco price index
",713.6706653
2005,Affordability of tobacco index,78.05218117
2005,Expenditure on tobacco as a percentage of expenditure,1.769419264
2005,Household expenditure,864747
2005,"Household expenditure on tobacco
",15301
2005,Real households' disposable income,185.6283039
2005,Retail prices index,287.2354949
2005,Tobacco price index relative to Retail price index ,237.8259021
2005,"Tobacco price index
",683.1204068
2004,Affordability of tobacco index,78.45693517
2004,Expenditure on tobacco as a percentage of expenditure,1.865687489
2004,Household expenditure,824093
2004,"Household expenditure on tobacco
",15375
2004,Real households' disposable income,183.890059
2004,Retail prices index,279.3065984
2004,Tobacco price index relative to Retail price index ,234.3834341
2004,"Tobacco price index
",654.6483971
2003,Affordability of tobacco index,78.35884203
2003,Expenditure on tobacco as a percentage of expenditure,1.936199412
2003,Household expenditure,786231
2003,"Household expenditure on tobacco
",15223
2003,Real households' disposable income,182.5859278
2003,Retail prices index,271.2281001
2003,Tobacco price index relative to Retail price index ,233.0125396
2003,"Tobacco price index
",631.9954843
2002,Affordability of tobacco index,77.42623554
2002,Expenditure on tobacco as a percentage of expenditure,1.930146446
2002,Household expenditure,749425
2002,"Household expenditure on tobacco
",14465
2002,Real households' disposable income,179.2862007
2002,Retail prices index,263.5984073
2002,Tobacco price index relative to Retail price index ,231.5574294
2002,"Tobacco price index
",610.381696
2001,Affordability of tobacco index,77.11095391
2001,Expenditure on tobacco as a percentage of expenditure,1.990465534
2001,Household expenditure,720334
2001,"Household expenditure on tobacco
",14338
2001,Real households' disposable income,176.2282009
2001,Retail prices index,259.2599545
2001,Tobacco price index relative to Retail price index ,228.5384786
2001,"Tobacco price index
",592.5087556
2000,Affordability of tobacco index,76.74966099
2000,Expenditure on tobacco as a percentage of expenditure,2.019870363
2000,Household expenditure,694401
2000,"Household expenditure on tobacco
",14026
2000,Real households' disposable income,169.2891726
2000,Retail prices index,254.7718999
2000,Tobacco price index relative to Retail price index ,220.5731862
2000,"Tobacco price index
",561.9584971
1999,Affordability of tobacco index,76.76843775
1999,Expenditure on tobacco as a percentage of expenditure,2.134072238
1999,Household expenditure,658272
1999,"Household expenditure on tobacco
",14048
1999,Real households' disposable income,160.484381
1999,Retail prices index,247.4414107
1999,Tobacco price index relative to Retail price index ,209.0499503
1999,"Tobacco price index
",517.2761462
1998,Affordability of tobacco index,81.75612016
1998,Expenditure on tobacco as a percentage of expenditure,2.134691706
1998,Household expenditure,623884
1998,"Household expenditure on tobacco
",13318
1998,Real households' disposable income,155.6856518
1998,Retail prices index,243.7013652
1998,Tobacco price index relative to Retail price index ,190.4269081
1998,"Tobacco price index
",464.0729748
1997,Affordability of tobacco index,84.3329795
1997,Expenditure on tobacco as a percentage of expenditure,2.144478677
1997,Household expenditure,592032
1997,"Household expenditure on tobacco
",12696
1997,Real households' disposable income,152.9328119
1997,Retail prices index,235.6228669
1997,Tobacco price index relative to Retail price index ,181.3440161
1997,"Tobacco price index
",427.2879697
1996,Affordability of tobacco index,84.91238707
1996,Expenditure on tobacco as a percentage of expenditure,2.209706856
1996,Household expenditure,555051
1996,"Household expenditure on tobacco
",12265
1996,Real households' disposable income,147.9317751
1996,Retail prices index,228.4419795
1996,Tobacco price index relative to Retail price index ,174.2169549
1996,"Tobacco price index
",397.9846605
1995,Affordability of tobacco index,86.12210512
1995,Expenditure on tobacco as a percentage of expenditure,2.224277626
1995,Household expenditure,517876
1995,"Household expenditure on tobacco
",11519
1995,Real households' disposable income,144.0330389
1995,Retail prices index,223.056314
1995,Tobacco price index relative to Retail price index ,167.2428219
1995,"Tobacco price index
",373.0456739
1994,Affordability of tobacco index,86.62735419
1994,Expenditure on tobacco as a percentage of expenditure,2.218119478
1994,Household expenditure,492895
1994,"Household expenditure on tobacco
",10933
1994,Real households' disposable income,140.4681097
1994,Retail prices index,215.576223
1994,Tobacco price index relative to Retail price index ,162.1521412
1994,"Tobacco price index
",349.5614616
1993,Affordability of tobacco index,89.31220326
1993,Expenditure on tobacco as a percentage of expenditure,2.286254635
1993,Household expenditure,470595
1993,"Household expenditure on tobacco
",10759
1993,Real households' disposable income,137.9158346
1993,Retail prices index,210.4897611
1993,Tobacco price index relative to Retail price index ,154.4199219
1993,"Tobacco price index
",325.0381248
1992,Affordability of tobacco index,93.06347532
1992,Expenditure on tobacco as a percentage of expenditure,2.310392722
1992,Household expenditure,444946
1992,"Household expenditure on tobacco
",10280
1992,Real households' disposable income,134.6032143
1992,Retail prices index,207.198521
1992,Tobacco price index relative to Retail price index ,144.6359206
1992,"Tobacco price index
",299.6834885
1991,Affordability of tobacco index,97.03438649
1991,Expenditure on tobacco as a percentage of expenditure,2.276873264
1991,Household expenditure,423739
1991,"Household expenditure on tobacco
",9648
1991,Real households' disposable income,131.1638715
1991,Retail prices index,199.71843
1991,Tobacco price index relative to Retail price index ,135.1725674
1991,"Tobacco price index
",269.9645295
1990,Affordability of tobacco index,103.0496562
1990,Expenditure on tobacco as a percentage of expenditure,2.182074144
1990,Household expenditure,396366
1990,"Household expenditure on tobacco
",8649
1990,Real households' disposable income,128.9645862
1990,Retail prices index,188.6478953
1990,Tobacco price index relative to Retail price index ,125.1480025
1990,"Tobacco price index
",236.0890727
1989,Affordability of tobacco index,96.94905113
1989,Expenditure on tobacco as a percentage of expenditure,2.236297545
1989,Household expenditure,365336
1989,"Household expenditure on tobacco
",8170
1989,Real households' disposable income,124.3922688
1989,Retail prices index,172.3412969
1989,Tobacco price index relative to Retail price index ,128.306845
1989,"Tobacco price index
",221.1256808
1988,Affordability of tobacco index,88.34165897
1988,Expenditure on tobacco as a percentage of expenditure,2.375983881
1988,Household expenditure,334009
1988,"Household expenditure on tobacco
",7936
1988,Real households' disposable income,118.7050134
1988,Retail prices index,159.9243458
1988,Tobacco price index relative to Retail price index ,134.3703693
1988,"Tobacco price index
",214.8909342
1987,Affordability of tobacco index,82.72262195
1987,Expenditure on tobacco as a percentage of expenditure,2.584262465
1987,Household expenditure,296603
1987,"Household expenditure on tobacco
",7665
1987,Real households' disposable income,112.8872418
1987,Retail prices index,152.4442548
1987,Tobacco price index relative to Retail price index ,136.4647773
1987,"Tobacco price index
",208.0327129
1986,Affordability of tobacco index,80.92763561
1986,Expenditure on tobacco as a percentage of expenditure,2.770836804
1986,Household expenditure,270135
1986,"Household expenditure on tobacco
",7485
1986,Real households' disposable income,111.4977481
1986,Retail prices index,146.3405385
1986,Tobacco price index relative to Retail price index ,137.774627
1986,"Tobacco price index
",201.620131
1985,Affordability of tobacco index,82.96546836
1985,Expenditure on tobacco as a percentage of expenditure,2.862009943
1985,Household expenditure,244793
1985,"Household expenditure on tobacco
",7006
1985,Real households' disposable income,107.5861043
1985,Retail prices index,141.5244596
1985,Tobacco price index relative to Retail price index ,129.6757632
1985,"Tobacco price index
",183.5229231
1984,Affordability of tobacco index,81.86647606
1984,Real households' disposable income,103.4383351
1984,Retail prices index,133.4091771
1984,Tobacco price index relative to Retail price index ,126.350052
1984,"Tobacco price index
",168.5625646
1983,Affordability of tobacco index,84.05853618
1983,Real households' disposable income,100.5332899
1983,Retail prices index,127.076223
1983,Tobacco price index relative to Retail price index ,119.5991442
1983,"Tobacco price index
",151.9820751
1982,Affordability of tobacco index,84
1982,Real households' disposable income,98.72953342
1982,Retail prices index,121.5017065
1982,Tobacco price index relative to Retail price index ,117.2560605
1982,"Tobacco price index
",142.4681144
1981,Affordability of tobacco index,89.72068636
1981,Real households' disposable income,99.02812445
1981,Retail prices index,111.8695487
1981,Tobacco price index relative to Retail price index ,110.3737928
1981,"Tobacco price index
",123
1980,Affordability of tobacco index,100
1980,Real households' disposable income,100
1980,Retail prices index,100
1980,Tobacco price index relative to Retail price index ,100
1980,"Tobacco price index
",100
